<?xml version="1.0"?>
<!-- PDFTron PDFNet Generated! Version: 9.0.0.77665 -->
<doc name="mysql" ext="svg">
 <info>
  <title></title>
  <author></author>
  <subject></subject>
  <keywords></keywords>
  <creator></creator>
  <producer>PDFTron built-in office converter, V9.0.0.77665&#x0A;</producer>
 </info>
 <pages>
  <page id="1" href="mysql-01.svg" width="960.0000" height="540.0000">
   <thumb href="mysql-01_thumb.jpg"/>
  </page>
  <page id="2" href="mysql-02.svg" width="960.0000" height="540.0000">
   <thumb href="mysql-02_thumb.jpg"/>
  </page>
  <page id="3" href="mysql-03.svg" width="960.0000" height="540.0000">
   <thumb href="mysql-03_thumb.jpg"/>
  </page>
  <page id="4" href="mysql-04.svg" width="960.0000" height="540.0000">
   <thumb href="mysql-04_thumb.jpg"/>
  </page>
  <page id="5" href="mysql-05.svg" width="960.0000" height="540.0000">
   <thumb href="mysql-05_thumb.jpg"/>
  </page>
  <page id="6" href="mysql-06.svg" width="960.0000" height="540.0000">
   <thumb href="mysql-06_thumb.jpg"/>
  </page>
  <page id="7" href="mysql-07.svg" width="960.0000" height="540.0000">
   <thumb href="mysql-07_thumb.jpg"/>
  </page>
  <page id="8" href="mysql-08.svg" width="960.0000" height="540.0000">
   <thumb href="mysql-08_thumb.jpg"/>
  </page>
  <page id="9" href="mysql-09.svg" width="960.0000" height="540.0000">
   <thumb href="mysql-09_thumb.jpg"/>
  </page>
  <page id="10" href="mysql-10.svg" width="960.0000" height="540.0000">
   <thumb href="mysql-10_thumb.jpg"/>
  </page>
  <page id="11" href="mysql-11.svg" width="960.0000" height="540.0000">
   <thumb href="mysql-11_thumb.jpg"/>
  </page>
  <page id="12" href="mysql-12.svg" width="960.0000" height="540.0000">
   <thumb href="mysql-12_thumb.jpg"/>
  </page>
  <page id="13" href="mysql-13.svg" width="960.0000" height="540.0000">
   <thumb href="mysql-13_thumb.jpg"/>
  </page>
  <page id="14" href="mysql-14.svg" width="960.0000" height="540.0000">
   <thumb href="mysql-14_thumb.jpg"/>
  </page>
  <page id="15" href="mysql-15.svg" width="960.0000" height="540.0000">
   <thumb href="mysql-15_thumb.jpg"/>
  </page>
  <page id="16" href="mysql-16.svg" width="960.0000" height="540.0000">
   <thumb href="mysql-16_thumb.jpg"/>
  </page>
  <page id="17" href="mysql-17.svg" width="960.0000" height="540.0000">
   <thumb href="mysql-17_thumb.jpg"/>
  </page>
  <page id="18" href="mysql-18.svg" width="960.0000" height="540.0000">
   <thumb href="mysql-18_thumb.jpg"/>
  </page>
  <page id="19" href="mysql-19.svg" width="960.0000" height="540.0000">
   <thumb href="mysql-19_thumb.jpg"/>
  </page>
  <page id="20" href="mysql-20.svg" width="960.0000" height="540.0000">
   <thumb href="mysql-20_thumb.jpg"/>
  </page>
  <page id="21" href="mysql-21.svg" width="960.0000" height="540.0000">
   <thumb href="mysql-21_thumb.jpg"/>
  </page>
  <page id="22" href="mysql-22.svg" width="960.0000" height="540.0000">
   <thumb href="mysql-22_thumb.jpg"/>
  </page>
  <page id="23" href="mysql-23.svg" width="960.0000" height="540.0000">
   <thumb href="mysql-23_thumb.jpg"/>
  </page>
  <page id="24" href="mysql-24.svg" width="960.0000" height="540.0000">
   <thumb href="mysql-24_thumb.jpg"/>
  </page>
  <page id="25" href="mysql-25.svg" width="960.0000" height="540.0000">
   <thumb href="mysql-25_thumb.jpg"/>
  </page>
  <page id="26" href="mysql-26.svg" width="960.0000" height="540.0000">
   <thumb href="mysql-26_thumb.jpg"/>
  </page>
  <page id="27" href="mysql-27.svg" width="960.0000" height="540.0000">
   <thumb href="mysql-27_thumb.jpg"/>
  </page>
  <page id="28" href="mysql-28.svg" width="960.0000" height="540.0000">
   <thumb href="mysql-28_thumb.jpg"/>
  </page>
  <page id="29" href="mysql-29.svg" width="960.0000" height="540.0000">
   <thumb href="mysql-29_thumb.jpg"/>
  </page>
  <page id="30" href="mysql-30.svg" width="960.0000" height="540.0000">
   <thumb href="mysql-30_thumb.jpg"/>
  </page>
  <page id="31" href="mysql-31.svg" width="960.0000" height="540.0000">
   <thumb href="mysql-31_thumb.jpg"/>
  </page>
  <page id="32" href="mysql-32.svg" width="960.0000" height="540.0000">
   <thumb href="mysql-32_thumb.jpg"/>
  </page>
  <page id="33" href="mysql-33.svg" width="960.0000" height="540.0000">
   <thumb href="mysql-33_thumb.jpg"/>
  </page>
  <page id="34" href="mysql-34.svg" width="960.0000" height="540.0000">
   <thumb href="mysql-34_thumb.jpg"/>
  </page>
  <page id="35" href="mysql-35.svg" width="960.0000" height="540.0000">
   <thumb href="mysql-35_thumb.jpg"/>
  </page>
  <page id="36" href="mysql-36.svg" width="960.0000" height="540.0000">
   <thumb href="mysql-36_thumb.jpg"/>
  </page>
  <page id="37" href="mysql-37.svg" width="960.0000" height="540.0000">
   <thumb href="mysql-37_thumb.jpg"/>
  </page>
  <page id="38" href="mysql-38.svg" width="960.0000" height="540.0000">
   <thumb href="mysql-38_thumb.jpg"/>
  </page>
  <page id="39" href="mysql-39.svg" width="960.0000" height="540.0000">
   <thumb href="mysql-39_thumb.jpg"/>
  </page>
  <page id="40" href="mysql-40.svg" width="960.0000" height="540.0000">
   <thumb href="mysql-40_thumb.jpg"/>
  </page>
  <page id="41" href="mysql-41.svg" width="960.0000" height="540.0000">
   <thumb href="mysql-41_thumb.jpg"/>
  </page>
  <page id="42" href="mysql-42.svg" width="960.0000" height="540.0000">
   <thumb href="mysql-42_thumb.jpg"/>
  </page>
  <page id="43" href="mysql-43.svg" width="960.0000" height="540.0000">
   <thumb href="mysql-43_thumb.jpg"/>
  </page>
  <page id="44" href="mysql-44.svg" width="960.0000" height="540.0000">
   <thumb href="mysql-44_thumb.jpg"/>
  </page>
  <page id="45" href="mysql-45.svg" width="960.0000" height="540.0000">
   <thumb href="mysql-45_thumb.jpg"/>
  </page>
  <page id="46" href="mysql-46.svg" width="960.0000" height="540.0000">
   <thumb href="mysql-46_thumb.jpg"/>
  </page>
 </pages>
 <bookmarks>
 </bookmarks>
</doc>
